<?xml version="1.0" ?>
<testCase duration="0.005" fail="0" name="SET-221" pass="1" startdate="20160215" starttime="153314">
	<block fail="0" pass="0"/>
	<block fail="0" pass="0"/>
	<block fail="0" pass="1">
		<block fail="0" pass="1">
			<call fail="0" pass="1">functions.addValues(vars.a, &quot;A&quot;)</call>
		</block>
		<block fail="0" pass="0">
			<call fail="0" pass="0">functions.raiseError('Should not be executed.')</call>
		</block>
	</block>
	<block fail="0" pass="0">
		<call fail="0" pass="0">functions.compareValues(vars.a, &quot;A&quot;)</call>
	</block>
</testCase>
