<?xml version="1.0" ?>
<testCase duration="0.004" fail="0" name="SET-208" pass="1" startdate="20160219" starttime="083436">
	<block fail="0" pass="0"/>
	<block fail="0" pass="0"/>
	<block fail="0" pass="1">
		<call fail="0" pass="1">functions.compareValues(vars.a[0][0],1)</call>
		<call fail="0" pass="1">functions.compareValues(vars.a[3][39],100)</call>
		<call fail="0" pass="1">functions.compareValues(vars.a[1][5],16)</call>
		<call fail="0" pass="1">functions.compareValues(vars.a[2][28],59)</call>
	</block>
	<block fail="0" pass="0"/>
</testCase>
