<?xml version="1.0" ?>
<!DOCTYPE testCase SYSTEM "tc_dtd.xml">
<testCase version="0.1">
    <scmId />
    <name>SET-218</name>
    <metadata>
        <author>romaomic</author>
        <externalData />
        <approver />
        <modifier />
    </metadata>
    <tags/>
    <description/>
    
    <vars>
        <var name="b">-1</var>
    </vars>
    
    <block id="tb_1" loop="1" maxCount="-1" maxSeconds="-1" minCount="-1" minSeconds="-1" onError="exit" onErrorID="" phase="prerequisites" state="enabled">
    </block>
    <block id="tb_2" loop="1" maxCount="-1" maxSeconds="-1" minCount="-1" minSeconds="-1" onError="ignore" onErrorID="" phase="setup" state="enabled"/>
    <block id="tb_3" loop="1" maxCount="-1" maxSeconds="-1" minCount="-1" minSeconds="-1" onError="ignore" onErrorID="" phase="execution" state="enabled">
         <run id="tf_3.1" output="vars.b" state="enabled">functions.returnVal( 1 )</run>
         <run id="tf_3.2" output="" state="enabled" target="">tai.write( vars.b )</run>
         <block id="tb_1.1" importedPath="..\..\coreTests\testcases\common\imported" loop="1" state="enabled" />
         <run id="tf_3.2" state="enabled">functions.compareValues( vars.b, 10 )</run>
         <run id="tf_3.2" output="" state="enabled" target="">tai.write( vars.b )</run>
    </block>
    <block id="tb_4" loop="1" maxCount="-1" maxSeconds="-1" minCount="-1" minSeconds="-1" onError="ignore" onErrorID="" phase="postconditions" state="enabled"/>
</testCase>