<?xml version="1.0" ?>
<!DOCTYPE testCase SYSTEM "tc_dtd.xml">
<testCase version="0.1">
    <scmId />
    <name>SET-253-2</name>
    <metadata>
        <author>romaomic</author>
        <externalData />
        <approver />
        <modifier />
    </metadata>
    <tags/>
    <description>Check that variables from previous test run are deleted after test run finish "2-nd test"</description>
    
    <vars/>
    
    <block id="tb_1" loop="1" maxCount="-1" maxSeconds="-1" minCount="-1" minSeconds="-1" onError="exit" onErrorID="" phase="prerequisites" state="enabled"/>
    <block id="tb_2" loop="1" maxCount="-1" maxSeconds="-1" minCount="-1" minSeconds="-1" onError="ignore" onErrorID="" phase="setup" state="enabled"/>
    <block id="tb_3" loop="1" maxCount="-1" maxSeconds="-1" minCount="-1" minSeconds="-1" onError="ignore" onErrorID="" phase="execution" state="enabled">
        <run id="tf_3.1" state="enabled">tai.write(vars.a)</run> <!--variable a exist in previous TC and should not exist in this one-->
    </block>
    <block id="tb_4" loop="1" maxCount="-1" maxSeconds="-1" minCount="-1" minSeconds="-1" onError="ignore" onErrorID="" phase="postconditions" state="enabled"/>
</testCase>