<?xml version="1.0" ?>
<testCase duration="0.012" fail="0" name="SET-192" pass="1" startdate="20160219" starttime="083436">
	<block fail="0" pass="0"/>
	<block fail="0" pass="0"/>
	<block fail="0" pass="1">
		<call fail="0" pass="1">functions.compareValues(vars.arInt[0], 2)</call>
		<call fail="0" pass="1">functions.compareValues(vars.arInt[1], 3)</call>
		<call fail="0" pass="1">functions.compareValues(vars.arInt[2], 4)</call>
		<call fail="0" pass="1">functions.compareValues(vars.arFloat[0], 2.2)</call>
		<call fail="0" pass="1">functions.compareValues(vars.arFloat[1], 4.4)</call>
		<call fail="0" pass="1">functions.compareValues(vars.arFloat[2], 5.5)</call>
		<call fail="0" pass="1">functions.compareValues(vars.arString[0], 'ala')</call>
		<call fail="0" pass="1">functions.compareValues(vars.arString[1], 'ma')</call>
		<call fail="0" pass="1">functions.compareValues(vars.arString[2], 'kota')</call>
	</block>
	<block fail="0" pass="0"/>
</testCase>
