<?xml version="1.0" ?>
<testCase duration="0.061" fail="1" name="SET-233" pass="0" startdate="20160218" starttime="082354">
	<block fail="0" pass="0"/>
	<block fail="0" pass="0"/>
	<block fail="0" pass="1">
		<block fail="0" pass="1">
			<call fail="0" pass="1">functions.addValues(vars.a, 1)</call>
		</block>
		<block fail="0" pass="1">
			<call fail="0" pass="1">tai.pause('pause', 'test', 0.01)</call>
			<call fail="0" pass="1">functions.addValues(vars.b, 1)</call>
		</block>
		<block fail="0" pass="2">
			<call fail="0" pass="2">tai.pause('pause', 'test', 0.01)</call>
			<call fail="0" pass="2">functions.addValues(vars.c, 1)</call>
		</block>
	</block>
	<block fail="1" pass="0">
		<call fail="0" pass="1">functions.compareValues(vars.a, 1)</call>
		<call fail="1" pass="0">functions.compareValues(vars.b, 2)</call>
		<call fail="0" pass="1">functions.compareValues(vars.c, 2)</call>
	</block>
</testCase>
