<?xml version="1.0" ?>
<!DOCTYPE testCase SYSTEM "tc_dtd.xml">
<testCase version="0.1">
    <scmId />
    <name>SET-183</name>
    <metadata>
        <author>romaomic</author>
        <externalData />
        <approver />
        <modifier />
    </metadata>
    <tags/>
    <description>Check whether the variables are loaded inside .xml file</description>
    
    <vars>
        <var name="int">2</var>
        <var name="float">2.2</var>
        <var name="bool">True</var>
        <var name="string1">'string'</var>
        <var name="string2">"string"</var>
        <var name="date">2005/12/14</var>
        <var name="time">'22:22:22'</var>
        <var name="none">None</var>
        <var name="list">[123, 3.14, 'ala']</var>
        <var name="tuple">(123, 3.14, "ma")</var>
        <var name="dict">{'k1': 123, "k2": 3.14, 'k3': "kota"}</var>
    </vars>

    
    <block id="tb_1" loop="1" maxCount="-1" maxSeconds="-1" minCount="-1" minSeconds="-1" onError="exit" onErrorID="" phase="prerequisites" state="enabled"/>
    <block id="tb_2" loop="1" maxCount="-1" maxSeconds="-1" minCount="-1" minSeconds="-1" onError="ignore" onErrorID="" phase="setup" state="enabled"/>
    <block id="tb_3" loop="1" maxCount="-1" maxSeconds="-1" minCount="-1" minSeconds="-1" onError="ignore" onErrorID="" phase="execution" state="enabled"/>
        <run id="tf_3.1" state="enabled" target="">functions.varCheck("vars.int", vars.int, 2)</run>
        <run id="tf_3.2" state="enabled" target="">functions.varCheck("vars.float", vars.float, 2.2)</run>
        <run id="tf_3.3" state="enabled" target="">functions.varCheck("vars.bool", vars.bool, True)</run>
        <run id="tf_3.5" state="enabled" target="">functions.varCheck("vars.string1", vars.string1, 'string')</run>
        <run id="tf_3.6" state="enabled" target="">functions.varCheck("vars.string2", vars.string2, "string")</run>
        <run id="tf_3.7" state="enabled" target="">functions.varCheck("vars.date", vars.date, 2005/12/14 )</run>
        <run id="tf_3.8" state="enabled" target="">functions.varCheck("vars.time", vars.time, '22:22:22' )</run>
        <run id="tf_3.9" state="enabled" target="">functions.varCheck("vars.none", vars.none, None )</run>
        <run id="tf_3.8" state="enabled" target="">functions.compareValues( vars.list, [123, 3.14, 'ala'] )</run>
        <run id="tf_3.8" state="enabled" target="">functions.compareValues( vars.tuple, (123, 3.14, "ma") )</run>
        <run id="tf_3.8" state="enabled" target="">functions.compareValues( vars.dict, {'k1': 123, "k2": 3.14, 'k3': "kota"} )</run>
    <block id="tb_4" loop="1" maxCount="-1" maxSeconds="-1" minCount="-1" minSeconds="-1" onError="ignore" onErrorID="" phase="postconditions" state="enabled"/>
</testCase>