<?xml version="1.0" ?>
<testCase duration="0.063" fail="1" name="SET-219" pass="0" startdate="20160216" starttime="090537">
	<block fail="0" pass="0"/>
	<block fail="0" pass="0"/>
	<block fail="1" pass="0">
		<call fail="1" pass="0">functions.raiseError('Intentional exception in execution phase')</call>
		<call fail="0" pass="0">functions.addValues(vars.a, &quot;A&quot;)</call>
	</block>
	<block fail="1" pass="0">
		<call fail="1" pass="0">functions.compareValues(vars.a, &quot;A&quot;)</call>
	</block>
</testCase>
