<?xml version="1.0" ?>
<testCase duration="0.011" fail="0" name="SET-182" pass="1" startdate="20160216" starttime="085953">
	<block fail="0" pass="0"/>
	<block fail="0" pass="0"/>
	<block fail="0" pass="1">
		<call fail="0" pass="1">functions.compareValues(vars.i, 2)</call>
		<call fail="0" pass="1">functions.compareValues(vars.f, 2.2)</call>
		<call fail="0" pass="1">functions.compareValues(vars.b, True)</call>
		<call fail="0" pass="1">functions.compareValues(vars.string1, 'string')</call>
		<call fail="0" pass="1">functions.compareValues(vars.string2, &quot;string&quot;)</call>
		<call fail="0" pass="1">functions.compareValues(vars.d, 2005/12/14)</call>
		<call fail="0" pass="1">functions.compareValues(vars.t, '22:22:22')</call>
		<call fail="0" pass="1">functions.compareValues(vars.n, None)</call>
	</block>
	<block fail="0" pass="0"/>
</testCase>
