<?xml version="1.0" ?>
<testCase duration="0.003" fail="0" name="SET-229" pass="1" startdate="20160216" starttime="085953">
	<block fail="0" pass="0"/>
	<block fail="0" pass="0"/>
	<block fail="0" pass="0">
		<block fail="0" pass="0">
			<call fail="0" pass="0">functions.addValues(vars._LEVEL_1_inside, vars._STEP)</call>
		</block>
		<call fail="0" pass="0">functions.compareValues(vars._LEVEL_1_inside, 1)</call>
		<call fail="0" pass="0">functions.returnVal(0)</call>
		<block fail="0" pass="0">
			<call fail="0" pass="0">functions.addValues(vars._LEVEL_1_inside, vars._STEP)</call>
		</block>
		<call fail="0" pass="0">functions.compareValues(vars._LEVEL_1_inside, 0)</call>
		<call fail="0" pass="0">functions.returnVal(0)</call>
		<block fail="0" pass="0">
			<call fail="0" pass="0">functions.addValues(vars._LEVEL_1_inside, vars._STEP)</call>
		</block>
		<call fail="0" pass="0">functions.compareValues(vars._LEVEL_1_inside, 1)</call>
		<call fail="0" pass="0">functions.returnVal(0)</call>
	</block>
	<block fail="0" pass="0"/>
</testCase>
