<?xml version="1.0" ?>
<!DOCTYPE testCase SYSTEM "tc_dtd.xml">
<testCase version="0.1">
    <scmId />
    <name>SET-209</name>
    <metadata>
        <author>romaomic</author>
        <externalData />
        <approver />
        <modifier />
    </metadata>
    <tags/>
    <description/>
    
    <vars>
        <var name="a">(
        (1, 1.1, 'ala'),
        (2, 2.2, 'ma'),
        (3, 3.3, 'kota')
        )</var>
    </vars>
    
    <block id="tb_1" loop="1" maxCount="-1" maxSeconds="-1" minCount="-1" minSeconds="-1" onError="exit" onErrorID="" phase="prerequisites" state="enabled"/>
    <block id="tb_2" loop="1" maxCount="-1" maxSeconds="-1" minCount="-1" minSeconds="-1" onError="ignore" onErrorID="" phase="setup" state="enabled"/>
    <block id="tb_3" loop="1" maxCount="-1" maxSeconds="-1" minCount="-1" minSeconds="-1" onError="ignore" onErrorID="" phase="execution" state="enabled">
        <run id="tf_3.1" state="enabled">functions.compareValues(vars.a[0][0],1)</run>
        <run id="tf_3.2" state="enabled">functions.compareValues(vars.a[1][1],2.2)</run>
        <run id="tf_3.3" state="enabled">functions.compareValues(vars.a[2][2], 'kota')</run>
    </block>
    <block id="tb_4" loop="1" maxCount="-1" maxSeconds="-1" minCount="-1" minSeconds="-1" onError="ignore" onErrorID="" phase="postconditions" state="enabled"/>
</testCase>