<?xml version="1.0" ?>
<!DOCTYPE testCase SYSTEM "tc_dtd.xml">
<testCase version="0.1">
    <scmId />
    <name>SET-233</name>
    <metadata>
        <author>bonetvol</author>
    </metadata>
    <tags/>
    <description/>
    <vars>
        <var name="a">0</var>
        <var name="b">0</var>
        <var name="c">functions.returnVal(0)</var>
    </vars>

    <block id="tb_1" loop="1" maxCount="-1" maxSeconds="-1" minCount="-1" minSeconds="-1" onError="exit" onErrorID="" phase="prerequisites" state="enabled">
    </block>
    <block id="tb_2" loop="1" maxCount="-1" maxSeconds="-1" minCount="-1" minSeconds="-1" onError="ignore" onErrorID="" phase="setup" state="enabled">
    </block>
	<block id="tb_3" loop="1" maxCount="-1" maxSeconds="-1" minCount="-1" minSeconds="-1" onError="ignore" onErrorID="" phase="execution" state="enabled">
        <block id="tb_3" loop="1" maxCount="-1" maxSeconds="-1" minCount="-1" minSeconds="-1" onError="ignore" onErrorID="" state="enabled">
            <run id="tf_3.1" output="vars.a" state="enabled" target="">functions.addValues(vars.a, 1)</run>
        </block>
        <block id="tb_3" loop="1" maxCount="-1" maxSeconds="-1" minCount="-1" minSeconds="0.02" onError="ignore" onErrorID="" state="enabled">
            <run id="tf_3.5" output="" state="enabled">tai.pause('pause', 'test', 0.01)</run>
            <run id="tf_3.1" output="vars.b" state="enabled" target="">functions.addValues(vars.b, 1)</run>
        </block>
        <block id="tb_3" loop="5" maxCount="-1" maxSeconds="0.02" minCount="-1" minSeconds="-1" onError="ignore" onErrorID="" state="enabled">
            <run id="tf_3.5" output="" state="enabled">tai.pause('pause', 'test', 0.01)</run>
            <run id="tf_3.1" output="vars.c" state="enabled" target="">functions.addValues(vars.c, 1)</run>
        </block>
    </block>
    <block id="tb_4" loop="1" maxCount="-1" maxSeconds="-1" minCount="-1" minSeconds="-1" onError="ignore" onErrorID="" phase="postconditions" state="enabled">
        <run id="tf_3.1" output="" state="enabled" target="">functions.compareValues(vars.a, 1)</run>
        <run id="tf_3.1" output="" state="enabled" target="">functions.compareValues(vars.b, 2)</run>
        <run id="tf_3.1" output="" state="enabled" target="">functions.compareValues(vars.c, 2)</run>
    </block>
</testCase>