<?xml version="1.0" ?>
<testCase duration="0.029" fail="0" name="SET-241" pass="1" startdate="20160218" starttime="125405">
	<block fail="0" pass="0"/>
	<block fail="0" pass="0"/>
	<block fail="0" pass="2">
		<call fail="0" pass="2">functions.compareValues(vars._LEVEL_0_inside, LOOPINDEX)</call>
		<call fail="0" pass="2">functions.compareValues(vars._LEVEL_0_inside, loopIndex(0))</call>
		<block fail="0" pass="4">
			<call fail="0" pass="4">functions.compareValues(vars._LEVEL_0_inside, loopIndex(1))</call>
			<call fail="0" pass="4">functions.compareValues(vars._LEVEL_1_inside, LOOPINDEX)</call>
			<call fail="0" pass="4">functions.compareValues(vars._LEVEL_1_inside, loopIndex(0))</call>
			<block fail="0" pass="8">
				<call fail="0" pass="8">functions.compareValues(vars._LEVEL_0_inside, loopIndex(2))</call>
				<call fail="0" pass="8">functions.compareValues(vars._LEVEL_1_inside, loopIndex(1))</call>
				<call fail="0" pass="8">functions.compareValues(vars._LEVEL_2_inside, LOOPINDEX)</call>
				<call fail="0" pass="8">functions.compareValues(vars._LEVEL_2_inside, loopIndex(0))</call>
				<block fail="0" pass="16">
					<call fail="0" pass="16">functions.compareValues(vars._LEVEL_0_inside, loopIndex(3))</call>
					<call fail="0" pass="16">functions.compareValues(vars._LEVEL_1_inside, loopIndex(2))</call>
					<call fail="0" pass="16">functions.compareValues(vars._LEVEL_2_inside, loopIndex(1))</call>
					<call fail="0" pass="16">functions.compareValues(vars._LEVEL_3_inside, LOOPINDEX)</call>
					<call fail="0" pass="16">functions.compareValues(vars._LEVEL_3_inside, loopIndex(0))</call>
					<call fail="0" pass="16">functions.addValues(vars._LEVEL_3_inside, vars._STEP)</call>
				</block>
				<call fail="0" pass="8">functions.compareValues(vars._LEVEL_3_inside, vars._LOOP)</call>
				<call fail="0" pass="8">functions.returnVal(0)</call>
				<call fail="0" pass="8">functions.addValues(vars._LEVEL_2_inside, vars._STEP)</call>
			</block>
			<call fail="0" pass="4">functions.compareValues(vars._LEVEL_2_inside, vars._LOOP)</call>
			<call fail="0" pass="4">functions.returnVal(0)</call>
			<call fail="0" pass="4">functions.addValues(vars._LEVEL_1_inside, vars._STEP)</call>
		</block>
		<call fail="0" pass="2">functions.compareValues(vars._LEVEL_1_inside, vars._LOOP)</call>
		<call fail="0" pass="2">functions.returnVal(0)</call>
		<call fail="0" pass="2">functions.addValues(vars._LEVEL_0_inside, vars._STEP)</call>
	</block>
	<block fail="0" pass="0"/>
</testCase>
