<?xml version="1.0" ?>
<testCase duration="0.002" fail="0" name="SET-205" pass="1" startdate="20160218" starttime="125405">
	<block fail="0" pass="0"/>
	<block fail="0" pass="0"/>
	<block fail="0" pass="1">
		<call fail="0" pass="1">functions.returnVal(vars.tab.append(1))</call>
		<call fail="0" pass="1">functions.returnVal(vars.tab.append(2))</call>
		<call fail="0" pass="1">functions.returnVal(vars.tab.append(3))</call>
		<call fail="0" pass="1">functions.returnVal(vars.tab.append(4))</call>
		<call fail="0" pass="1">functions.varCheck(&quot;compare variables&quot;, vars.tab, vars.comArr)</call>
	</block>
	<block fail="0" pass="0"/>
</testCase>
