<?xml version="1.0" ?>
<!DOCTYPE testCase SYSTEM "tc_dtd.xml">
<testCase version="0.1">
    <scmId />
    <name>SET-186</name>
    <metadata>
        <author>bonetvol</author>
    </metadata>
    <tags/>
    <description>If "PREREQUISITES" block fails, stop testcase execution. Skips all other blocks, end testcase.</description>
    <vars>
    </vars>

    <block id="tb_1" loop="1" maxCount="-1" maxSeconds="-1" minCount="-1" minSeconds="-1" onError="exit" onErrorID="" phase="prerequisites" state="enabled">
        <run id="tf_1.1" output="" state="enabled" target="">functions.raiseError('Intentional exception in preconditions phase')</run>
    </block>
    <block id="tb_2" loop="1" maxCount="-1" maxSeconds="-1" minCount="-1" minSeconds="-1" onError="exit" onErrorID="" phase="setup" state="enabled">
        <run id="tf_2.1" output="" state="enabled" target="">functions.raiseError('Setup phase should not be executed')</run>
    </block>
    <block id="tb_3" loop="1" maxCount="-1" maxSeconds="-1" minCount="-1" minSeconds="-1" onError="ignore" onErrorID="" phase="execution" state="enabled">
        <run id="tf_3.1" output="" state="enabled" target="">functions.raiseError('Execution phase should not be executed')</run>
    </block>
    <block id="tb_4" loop="1" maxCount="-1" maxSeconds="-1" minCount="-1" minSeconds="-1" onError="ignore" onErrorID="" phase="postconditions" state="enabled">
        <run id="tf_4.1" output="" state="enabled" target="">functions.raiseError('Postcondition phase should not be executed')</run>
    </block>
</testCase>
