<?xml version="1.0" ?>
<!DOCTYPE testCase SYSTEM "tc_dtd.xml">
<testCase version="0.1">
    <scmId />
    <name>IMPORTED</name>
    <metadata>
        <author/>
        <externalData />
        <approver />
        <modifier />
    </metadata>
    <tags/>
    <description/>
    
    <vars>
        <var name="a">[1,2,3,4]</var>
        <var name="b">-1</var>
    </vars>
    
    <block id="tb_1" loop="1" maxCount="-1" maxSeconds="-1" minCount="-1" minSeconds="-1" onError="exit" onErrorID="" phase="prerequisites" state="enabled"/>
    <block id="tb_2" loop="1" maxCount="-1" maxSeconds="-1" minCount="-1" minSeconds="-1" onError="ignore" onErrorID="" phase="setup" state="enabled"/>
    <block id="tb_3" loop="1" maxCount="-1" maxSeconds="-1" minCount="-1" minSeconds="-1" onError="ignore" onErrorID="" phase="execution" state="enabled">
         <run id="tf_3.1" state="enabled">functions.compareValues( vars.b, 1)</run>
         <run id="tf_3.2" output="" state="enabled" target="">tai.write( vars.b )</run>
         <block id="tb_3.1" loop="vars.a" onError="ignore" state="enabled">
            <run id="tf_3.2" output="" state="enabled" target="">tai.write( vars.a[LOOPINDEX] )</run>
         </block>
         <run id="tf_3.2" output="vars.b" state="enabled">functions.returnVal( 10 )</run>
         <run id="tf_3.2" output="" state="enabled" target="">tai.write( vars.b )</run>
    </block>
    <block id="tb_4" loop="1" maxCount="-1" maxSeconds="-1" minCount="-1" minSeconds="-1" onError="ignore" onErrorID="" phase="postconditions" state="enabled"/>
</testCase>