<?xml version="1.0" ?>
<!DOCTYPE testCase SYSTEM "tc_dtd.xml">
<testCase version="0.1">
    <scmId />
    <name>SET-252</name>
    <metadata>
        <author>romaomic</author>
        <externalData />
        <approver />
        <modifier />
    </metadata>
    <tags/>
    <description>Tests whether the variable values are visible in nested blocks</description>
    
    <vars>
        <var name="a">0</var>
        <var name="b">0</var>
        <var name="c">0</var>
        <var name="d">0</var>
    </vars>
    
    <block id="tb_1" loop="1" maxCount="-1" maxSeconds="-1" minCount="-1" minSeconds="-1" onError="exit" onErrorID="" phase="prerequisites" state="enabled"/>
    <block id="tb_2" loop="1" maxCount="-1" maxSeconds="-1" minCount="-1" minSeconds="-1" onError="ignore" onErrorID="" phase="setup" state="enabled"/>
    <block id="tb_3" loop="1" maxCount="-1" maxSeconds="-1" minCount="-1" minSeconds="-1" onError="ignore" onErrorID="" phase="execution" state="enabled">
        <block id="tb_3.1" state="enabled">
            <run id="tf_3.1" state="enabled">functions.varCheck("compare variables a", vars.a, 0)</run>
            <run id="tf_3.1" state="enabled">functions.varCheck("compare variables b", vars.b, 0)</run>
            <run id="tf_3.1" state="enabled">functions.varCheck("compare variables c", vars.c, 0)</run>
            <run id="tf_3.1" state="enabled">functions.varCheck("compare variables d", vars.d, 0)</run>
            
            <run id="tf_3.1" output="a" state="enabled">functions.returnVal(1)</run>
            <block id="tb_3.1" state="enabled">
                <run id="tf_3.1" state="enabled">functions.varCheck("compare variables a", vars.a, 1)</run>
                <run id="tf_3.1" state="enabled">functions.varCheck("compare variables b", vars.b, 0)</run>
                <run id="tf_3.1" state="enabled">functions.varCheck("compare variables c", vars.c, 0)</run>
                <run id="tf_3.1" state="enabled">functions.varCheck("compare variables d", vars.d, 0)</run>            
                        
                <run id="tf_3.1" output="a" state="enabled">functions.returnVal(2)</run>
                <run id="tf_3.1" output="b" state="enabled">functions.returnVal(2)</run>
                <block id="tb_3.1" state="enabled">
                    <run id="tf_3.1" state="enabled">functions.varCheck("compare variables a", vars.a, 2)</run>
                    <run id="tf_3.1" state="enabled">functions.varCheck("compare variables b", vars.b, 2)</run>
                    <run id="tf_3.1" state="enabled">functions.varCheck("compare variables c", vars.c, 0)</run>
                    <run id="tf_3.1" state="enabled">functions.varCheck("compare variables d", vars.d, 0)</run>            
                            
                    <run id="tf_3.1" output="a" state="enabled">functions.returnVal(3)</run>
                    <run id="tf_3.1" output="b" state="enabled">functions.returnVal(3)</run>
                    <run id="tf_3.1" output="c" state="enabled">functions.returnVal(3)</run>
                </block>
            </block>
        </block>
        <run id="tf_3.1" state="enabled">functions.varCheck("compare variables a", vars.a, 3)</run>
        <run id="tf_3.1" state="enabled">functions.varCheck("compare variables b", vars.b, 3)</run>
        <run id="tf_3.1" state="enabled">functions.varCheck("compare variables c", vars.c, 3)</run>
        <run id="tf_3.1" state="enabled">functions.varCheck("compare variables d", vars.d, 0)</run>
    </block>
    <block id="tb_4" loop="1" maxCount="-1" maxSeconds="-1" minCount="-1" minSeconds="-1" onError="ignore" onErrorID="" phase="postconditions" state="enabled"/>
</testCase>