<?xml version="1.0" ?>
<!DOCTYPE testCase SYSTEM "tc_dtd.xml">
<testCase version="0.1">
    <scmId />
    <name>SET-188</name>
    <metadata>
        <author>romaomic</author>
        <externalData />
        <approver />
        <modifier />
    </metadata>
    <tags/>
    <description>Check whether the variables and pack of variables, are loaded from nested data params</description>
    
    <vars>
        <var name="a">data.a</var>
        <var name="b">data.b</var>
        <var name="c">data.c</var>
        <var name="pack">data.par</var>
    </vars>

    
    <block id="tb_1" loop="1" maxCount="-1" maxSeconds="-1" minCount="-1" minSeconds="-1" onError="exit" onErrorID="" phase="prerequisites" state="enabled"/>
    <block id="tb_2" loop="1" maxCount="-1" maxSeconds="-1" minCount="-1" minSeconds="-1" onError="ignore" onErrorID="" phase="setup" state="enabled"/>
    <block id="tb_3" loop="1" maxCount="-1" maxSeconds="-1" minCount="-1" minSeconds="-1" onError="ignore" onErrorID="" phase="execution" state="enabled">
        <run id="tf_3.1" output="" state="enabled" target="">functions.varCheck("vars.a", vars.a, 0)</run>
        <run id="tf_3.2" output="" state="enabled" target="">functions.varCheck("vars.b", vars.b, 1)</run>
        <run id="tf_3.3" output="" state="enabled" target="">functions.varCheck("vars.c", vars.c, 2)</run>
        <run id="tf_3.4" output="" state="enabled" target="">functions.varCheck("vars.a", vars.pack.a, 5)</run>
        <run id="tf_3.5" output="" state="enabled" target="">functions.varCheck("vars.b", vars.pack.b, 10)</run>
        <run id="tf_3.6" output="" state="enabled" target="">functions.varCheck("vars.c", vars.pack.c, 15)</run>
    </block>
    <block id="tb_4" loop="1" maxCount="-1" maxSeconds="-1" minCount="-1" minSeconds="-1" onError="ignore" onErrorID="" phase="postconditions" state="enabled"/>
</testCase>