<?xml version="1.0" ?>
<testCase duration="0.017" fail="0" name="SET-194" pass="1" startdate="20160216" starttime="085953">
	<block fail="0" pass="0"/>
	<block fail="0" pass="0"/>
	<block fail="0" pass="1">
		<block fail="0" pass="5">
			<call fail="0" pass="5">functions.compareValues(LOOPINDEX, vars.a)</call>
			<call fail="0" pass="5">functions.addValues(vars.a, 1)</call>
		</block>
		<block fail="0" pass="5">
			<call fail="0" pass="5">functions.compareValues(LOOPITEM, vars.b)</call>
			<call fail="0" pass="5">functions.addValues(vars.b, 1)</call>
		</block>
	</block>
	<block fail="0" pass="0"/>
</testCase>
